customer_id,mobile,open_id,union_id,nick_name,real_name,avatar,gender,country,province,city,birthday,auth_type,status,last_auth_at,last_login_at,register_from,is_logout,receiver_name,receiver_mobile,province_receipt,city_receipt,area_receipt,address,label,type,vehicle_brand_id,brand_name,brand_logo,model_class,vehicle_model_id,model_name,sell_name,vehicle_name,vehicle_id,product_year,output_volume,manufacturer,engine_code,license_plate,vin,remark,is_default_car,invitation_customer_id,obj_type,obj_id,source_type,scan_code_time,source_id
158,13812312345,ohJR12aabbccddeeffgghhiijjkk,o9ABCDefghijklmnopqrstuvwxyz,#A001????,??,https://thirdwx.qlogo.cn/mmopen/vi_32/aabbccddeeffgghhiijjkkllmmnnkhJ424U9iaKoT96HRdtFVTElujyD5dicict6apEZoU79FKeB13iabYIVhevicJBZbQ/132,1,,,,5/3/1977,1,0,3/21/2022 10:00,4/26/2023 10:02,1,1,NULL,NULL,NULL,NULL,NULL,NULL,NULL,NULL,NULL,NULL,NULL,NULL,NULL,NULL,NULL,NULL,NULL,NULL,NULL,NULL,EJ20,NULL,LFV2B11K3A3******,NULL,NULL,0,0,0,?????,9/24/2022 23:35,25
303,13812312345,ohJR12aabbccddeeffgghhiijjkk,o9ABCDefghijklmnopqrstuvwxyz,???,???,https://thirdwx.qlogo.cn/mmopen/vi_32/aabbccddeeffgghhiijjkkllmmnnkhJ424U9iaKoT96HRdtFVTElujyD5dicict6apEZoU79FKeB13iabYIVhevicJBZbQ/133,1,,,,5/2/1977,1,0,4/13/2022 2:36,4/20/2023 9:05,1,1,NULL,NULL,NULL,NULL,NULL,NULL,NULL,NULL,NULL,NULL,NULL,NULL,NULL,NULL,NULL,NULL,NULL,NULL,NULL,NULL,NULL,NULL,LFV2B11K3A3******,NULL,NULL,0,0,0,?????,4/20/2023 9:05,26
414,13812312345,ohJR12aabbccddeeffgghhiijjkk,o9ABCDefghijklmnopqrstuvwxyz,????,??,https://thirdwx.qlogo.cn/mmopen/vi_32/aabbccddeeffgghhiijjkkllmmnnkhJ424U9iaKoT96HRdtFVTElujyD5dicict6apEZoU79FKeB13iabYIVhevicJBZbQ/134,0,,,,5/1/1977,1,0,5/3/2022 2:28,9/11/2023 6:14,1,1,NULL,NULL,NULL,NULL,NULL,NULL,NULL,NULL,164,???,NULL,Forester [???],2790,Forester [???],,??? Forester [???] 2008 2.0XS ?? ??? EJ20,10464,2008,2,?????(??),EJ21,?L*****,LFV2B11K3A3******,,1,0,0,0,?????,4/20/2023 15:52,26
531,13812312345,ohJR12aabbccddeeffgghhiijjkk,o9ABCDefghijklmnopqrstuvwxyz,#A001????,???,https://thirdwx.qlogo.cn/mmopen/vi_32/aabbccddeeffgghhiijjkkllmmnnkhJ424U9iaKoT96HRdtFVTElujyD5dicict6apEZoU79FKeB13iabYIVhevicJBZbQ/135,0,,,,4/30/1977,1,0,5/25/2022 4:40,11/9/2022 2:16,1,1,NULL,NULL,NULL,NULL,NULL,NULL,NULL,NULL,NULL,NULL,NULL,NULL,NULL,NULL,NULL,NULL,NULL,NULL,NULL,NULL,NULL,NULL,LFV2B11K3A3******,NULL,NULL,0,0,0,?????,9/29/2022 14:05,28
543,13812312345,ohJR12aabbccddeeffgghhiijjkk,o9ABCDefghijklmnopqrstuvwxyz,???,??,https://thirdwx.qlogo.cn/mmopen/vi_32/aabbccddeeffgghhiijjkkllmmnnkhJ424U9iaKoT96HRdtFVTElujyD5dicict6apEZoU79FKeB13iabYIVhevicJBZbQ/136,1,,,,4/29/1977,1,0,5/26/2022 4:23,7/4/2023 2:14,1,1,NULL,NULL,NULL,NULL,NULL,NULL,NULL,NULL,NULL,NULL,NULL,NULL,NULL,NULL,NULL,NULL,NULL,NULL,NULL,NULL,EJ22,NULL,LFV2B11K3A3******,NULL,NULL,0,0,0,?????,3/29/2023 18:31,19
545,13812312345,ohJR12aabbccddeeffgghhiijjkk,o9ABCDefghijklmnopqrstuvwxyz,????,??,https://thirdwx.qlogo.cn/mmopen/vi_32/aabbccddeeffgghhiijjkkllmmnnkhJ424U9iaKoT96HRdtFVTElujyD5dicict6apEZoU79FKeB13iabYIVhevicJBZbQ/137,0,,,,4/28/1977,1,0,5/26/2022 9:51,11/27/2023 4:33,1,1,NULL,NULL,NULL,NULL,NULL,NULL,NULL,NULL,2,??,NULL,???,4112,???GX,,?? ???GX 2022 1.3T ?? 332T ????? L3Z,142460,2022,1.3,????,NULL,?B*****,LFV2B11K3A3******,,1,0,0,0,,3/3/2023 13:19,329
592,13812312345,ohJR12aabbccddeeffgghhiijjkk,o9ABCDefghijklmnopqrstuvwxyz,#A001????,???,https://thirdwx.qlogo.cn/mmopen/vi_32/aabbccddeeffgghhiijjkkllmmnnkhJ424U9iaKoT96HRdtFVTElujyD5dicict6apEZoU79FKeB13iabYIVhevicJBZbQ/138,0,,,,4/27/1977,1,0,5/30/2022 7:21,11/28/2023 4:41,1,1,NULL,NULL,NULL,NULL,NULL,NULL,NULL,NULL,NULL,NULL,NULL,NULL,NULL,NULL,NULL,NULL,NULL,NULL,NULL,NULL,EJ23,NULL,LFV2B11K3A3******,NULL,NULL,0,0,0,?????,9/1/2022 17:36,22
609,13812312345,ohJR12aabbccddeeffgghhiijjkk,o9ABCDefghijklmnopqrstuvwxyz,???,??,https://thirdwx.qlogo.cn/mmopen/vi_32/aabbccddeeffgghhiijjkkllmmnnkhJ424U9iaKoT96HRdtFVTElujyD5dicict6apEZoU79FKeB13iabYIVhevicJBZbQ/139,0,,,,4/26/1977,1,0,5/31/2022 4:13,4/7/2023 7:52,1,1,NULL,NULL,NULL,NULL,NULL,NULL,NULL,NULL,NULL,NULL,NULL,NULL,NULL,NULL,NULL,NULL,NULL,NULL,NULL,NULL,NULL,NULL,LFV2B11K3A3******,NULL,NULL,0,0,0,,3/30/2023 16:22,364
610,13812312345,ohJR12aabbccddeeffgghhiijjkk,o9ABCDefghijklmnopqrstuvwxyz,????,???,https://thirdwx.qlogo.cn/mmopen/vi_32/aabbccddeeffgghhiijjkkllmmnnkhJ424U9iaKoT96HRdtFVTElujyD5dicict6apEZoU79FKeB13iabYIVhevicJBZbQ/140,0,,,,4/25/1977,1,0,5/31/2022 4:13,11/15/2023 5:40,1,1,NULL,NULL,NULL,NULL,NULL,NULL,NULL,NULL,NULL,NULL,NULL,NULL,NULL,NULL,NULL,NULL,NULL,NULL,NULL,NULL,EJ24,NULL,LFV2B11K3A3******,NULL,NULL,0,0,0,,4/24/2023 15:19,366
612,13812312345,ohJR12aabbccddeeffgghhiijjkk,o9ABCDefghijklmnopqrstuvwxyz,#A001????,??,https://thirdwx.qlogo.cn/mmopen/vi_32/aabbccddeeffgghhiijjkkllmmnnkhJ424U9iaKoT96HRdtFVTElujyD5dicict6apEZoU79FKeB13iabYIVhevicJBZbQ/141,0,,,,4/24/1977,1,0,5/31/2022 4:13,11/14/2023 4:05,1,1,NULL,NULL,NULL,NULL,NULL,NULL,NULL,NULL,126,??,NULL,G50,3754,G50,,?? G50 2019 1.5T ??? ??? 15E4E,29742,2019,1.5,????,NULL,?P*****,LFV2B11K3A3******,,1,0,0,0,,5/15/2023 16:57,380
612,13812312345,ohJR12aabbccddeeffgghhiijjkk,o9ABCDefghijklmnopqrstuvwxyz,???,??,https://thirdwx.qlogo.cn/mmopen/vi_32/aabbccddeeffgghhiijjkkllmmnnkhJ424U9iaKoT96HRdtFVTElujyD5dicict6apEZoU79FKeB13iabYIVhevicJBZbQ/142,0,,,,4/23/1977,1,0,5/31/2022 4:13,11/14/2023 4:05,1,1,NULL,NULL,NULL,NULL,NULL,NULL,NULL,NULL,126,??,NULL,G50,3754,G50,,?? G50 2019 1.5T ??? ??? 15E4E,29742,2019,1.5,????,EJ25,?P*****,LFV2B11K3A3******,,1,0,0,0,,5/15/2023 16:57,405
617,13812312345,ohJR12aabbccddeeffgghhiijjkk,o9ABCDefghijklmnopqrstuvwxyz,????,??,https://thirdwx.qlogo.cn/mmopen/vi_32/aabbccddeeffgghhiijjkkllmmnnkhJ424U9iaKoT96HRdtFVTElujyD5dicict6apEZoU79FKeB13iabYIVhevicJBZbQ/143,1,,,,4/22/1977,1,0,5/31/2022 4:14,11/9/2023 10:25,1,1,NULL,NULL,NULL,NULL,NULL,NULL,NULL,NULL,213,??,NULL,U5,4339,U5,,?? U5 2021 ING+ TZ220XS003(???),48602,2021,??,????,NULL,?G*****,LFV2B11K3A3******,,1,0,0,0,,7/17/2023 11:14,411
618,13812312345,ohJR12aabbccddeeffgghhiijjkk,o9ABCDefghijklmnopqrstuvwxyz,#A001????,??,https://thirdwx.qlogo.cn/mmopen/vi_32/aabbccddeeffgghhiijjkkllmmnnkhJ424U9iaKoT96HRdtFVTElujyD5dicict6apEZoU79FKeB13iabYIVhevicJBZbQ/144,0,,,,4/21/1977,1,0,5/31/2022 4:14,10/31/2023 12:51,1,1,NULL,NULL,NULL,NULL,NULL,NULL,NULL,NULL,NULL,NULL,NULL,NULL,NULL,NULL,NULL,NULL,NULL,NULL,NULL,NULL,EJ26,NULL,LFV2B11K3A3******,NULL,NULL,0,0,0,????,8/3/2023 10:58,69
620,13812312345,ohJR12aabbccddeeffgghhiijjkk,o9ABCDefghijklmnopqrstuvwxyz,???,??,https://thirdwx.qlogo.cn/mmopen/vi_32/aabbccddeeffgghhiijjkkllmmnnkhJ424U9iaKoT96HRdtFVTElujyD5dicict6apEZoU79FKeB13iabYIVhevicJBZbQ/145,1,,,,4/20/1977,1,0,5/31/2022 4:14,11/24/2023 11:49,1,1,NULL,NULL,NULL,NULL,NULL,NULL,NULL,NULL,NULL,NULL,NULL,NULL,NULL,NULL,NULL,NULL,NULL,NULL,NULL,NULL,NULL,NULL,LFV2B11K3A3******,NULL,NULL,0,0,0,,4/21/2023 13:14,375
621,13812312345,ohJR12aabbccddeeffgghhiijjkk,o9ABCDefghijklmnopqrstuvwxyz,????,???,https://thirdwx.qlogo.cn/mmopen/vi_32/aabbccddeeffgghhiijjkkllmmnnkhJ424U9iaKoT96HRdtFVTElujyD5dicict6apEZoU79FKeB13iabYIVhevicJBZbQ/146,2,,,,4/19/1977,1,0,5/31/2022 4:14,11/8/2023 10:59,1,1,NULL,NULL,NULL,NULL,NULL,NULL,NULL,NULL,NULL,NULL,NULL,NULL,NULL,NULL,NULL,NULL,NULL,NULL,NULL,NULL,EJ27,NULL,LFV2B11K3A3******,NULL,NULL,0,0,0,,3/30/2023 16:22,373
625,13812312345,ohJR12aabbccddeeffgghhiijjkk,o9ABCDefghijklmnopqrstuvwxyz,#A001????,??,https://thirdwx.qlogo.cn/mmopen/vi_32/aabbccddeeffgghhiijjkkllmmnnkhJ424U9iaKoT96HRdtFVTElujyD5dicict6apEZoU79FKeB13iabYIVhevicJBZbQ/147,0,,,,4/18/1977,1,0,5/31/2022 4:16,9/4/2023 6:22,1,1,NULL,NULL,NULL,NULL,NULL,NULL,NULL,NULL,NULL,NULL,NULL,NULL,NULL,NULL,NULL,NULL,NULL,NULL,NULL,NULL,NULL,NULL,LFV2B11K3A3******,NULL,NULL,0,0,0,,5/6/2023 12:02,349
625,13812312345,ohJR12aabbccddeeffgghhiijjkk,o9ABCDefghijklmnopqrstuvwxyz,???,???,https://thirdwx.qlogo.cn/mmopen/vi_32/aabbccddeeffgghhiijjkkllmmnnkhJ424U9iaKoT96HRdtFVTElujyD5dicict6apEZoU79FKeB13iabYIVhevicJBZbQ/148,0,,,,4/17/1977,1,0,5/31/2022 4:16,9/4/2023 6:22,1,1,NULL,NULL,NULL,NULL,NULL,NULL,NULL,NULL,NULL,NULL,NULL,NULL,NULL,NULL,NULL,NULL,NULL,NULL,NULL,NULL,EJ28,NULL,LFV2B11K3A3******,NULL,NULL,0,0,0,,5/6/2023 12:02,357
627,13812312345,ohJR12aabbccddeeffgghhiijjkk,o9ABCDefghijklmnopqrstuvwxyz,????,??,https://thirdwx.qlogo.cn/mmopen/vi_32/aabbccddeeffgghhiijjkkllmmnnkhJ424U9iaKoT96HRdtFVTElujyD5dicict6apEZoU79FKeB13iabYIVhevicJBZbQ/149,1,,,,4/16/1977,1,0,5/31/2022 4:17,9/28/2023 3:18,1,1,NULL,NULL,NULL,NULL,NULL,NULL,NULL,NULL,86,????,NULL,Q70,2700,Q70L,,???? Q70L 2017 2.5 ???? ??? VQ25HR,14519,2017,2.5,????(??),NULL,?K*****,LFV2B11K3A3******,,1,0,0,0,,4/24/2023 21:36,359
627,13812312345,ohJR12aabbccddeeffgghhiijjkk,o9ABCDefghijklmnopqrstuvwxyz,#A001????,??,https://thirdwx.qlogo.cn/mmopen/vi_32/aabbccddeeffgghhiijjkkllmmnnkhJ424U9iaKoT96HRdtFVTElujyD5dicict6apEZoU79FKeB13iabYIVhevicJBZbQ/150,1,,,,4/15/1977,1,0,5/31/2022 4:17,9/28/2023 3:18,1,1,NULL,NULL,NULL,NULL,NULL,NULL,NULL,NULL,86,????,NULL,Q70,2700,Q70L,,???? Q70L 2017 2.5 ???? ??? VQ25HR,14519,2017,2.5,????(??),EJ29,?K*****,LFV2B11K3A3******,,1,0,0,0,,4/24/2023 21:36,420
629,13812312345,ohJR12aabbccddeeffgghhiijjkk,o9ABCDefghijklmnopqrstuvwxyz,???,???,https://thirdwx.qlogo.cn/mmopen/vi_32/aabbccddeeffgghhiijjkkllmmnnkhJ424U9iaKoT96HRdtFVTElujyD5dicict6apEZoU79FKeB13iabYIVhevicJBZbQ/151,0,,,,4/14/1977,1,0,5/31/2022 4:18,11/21/2023 5:30,1,1,NULL,NULL,NULL,NULL,NULL,NULL,NULL,NULL,110,??,NULL,??,11007,2.0 ??,,?? 2.0 ?? 2013 ??·?? MR20DE,69768,2013,2,????,NULL,?A*****,LFV2B11K3A3******,,1,0,0,0,,4/24/2023 14:29,367
632,13812312345,ohJR12aabbccddeeffgghhiijjkk,o9ABCDefghijklmnopqrstuvwxyz,????,??,https://thirdwx.qlogo.cn/mmopen/vi_32/aabbccddeeffgghhiijjkkllmmnnkhJ424U9iaKoT96HRdtFVTElujyD5dicict6apEZoU79FKeB13iabYIVhevicJBZbQ/152,0,,,,4/13/1977,1,0,5/31/2022 4:23,10/10/2023 2:38,1,1,NULL,NULL,NULL,NULL,NULL,NULL,NULL,NULL,NULL,NULL,NULL,NULL,NULL,NULL,NULL,NULL,NULL,NULL,NULL,NULL,EJ30,NULL,LFV2B11K3A3******,NULL,NULL,0,0,0,,3/29/2023 11:51,388
633,13812312345,ohJR12aabbccddeeffgghhiijjkk,o9ABCDefghijklmnopqrstuvwxyz,#A001????,???,https://thirdwx.qlogo.cn/mmopen/vi_32/aabbccddeeffgghhiijjkkllmmnnkhJ424U9iaKoT96HRdtFVTElujyD5dicict6apEZoU79FKeB13iabYIVhevicJBZbQ/153,0,,,,4/12/1977,1,0,5/31/2022 4:24,10/20/2023 11:39,1,1,NULL,NULL,NULL,NULL,NULL,NULL,NULL,NULL,133,??,NULL,???,1718,???6,,?? ???6 2010 1.4TSI ?? ??? CFB,124709,2010,1.4,????,NULL,?A*****,LFV2B11K3A3******,,1,0,0,0,?????,8/8/2023 11:31,17
639,13812312345,ohJR12aabbccddeeffgghhiijjkk,o9ABCDefghijklmnopqrstuvwxyz,???,??,https://thirdwx.qlogo.cn/mmopen/vi_32/aabbccddeeffgghhiijjkkllmmnnkhJ424U9iaKoT96HRdtFVTElujyD5dicict6apEZoU79FKeB13iabYIVhevicJBZbQ/154,0,,,,4/11/1977,1,0,5/31/2022 4:44,11/23/2023 12:19,1,1,NULL,NULL,NULL,NULL,NULL,NULL,NULL,NULL,NULL,NULL,NULL,NULL,NULL,NULL,NULL,NULL,NULL,NULL,NULL,NULL,EJ31,NULL,LFV2B11K3A3******,NULL,NULL,0,0,0,,4/23/2023 15:42,334
645,13812312345,ohJR12aabbccddeeffgghhiijjkk,o9ABCDefghijklmnopqrstuvwxyz,????,??,https://thirdwx.qlogo.cn/mmopen/vi_32/aabbccddeeffgghhiijjkkllmmnnkhJ424U9iaKoT96HRdtFVTElujyD5dicict6apEZoU79FKeB13iabYIVhevicJBZbQ/155,0,,,,4/10/1977,1,0,5/31/2022 5:39,3/29/2023 5:39,1,1,NULL,NULL,NULL,NULL,NULL,NULL,NULL,NULL,NULL,NULL,NULL,NULL,NULL,NULL,NULL,NULL,NULL,NULL,NULL,NULL,NULL,NULL,LFV2B11K3A3******,NULL,NULL,0,0,0,?????,11/7/2022 19:34,25
710,13812312345,ohJR12aabbccddeeffgghhiijjkk,o9ABCDefghijklmnopqrstuvwxyz,#A001????,??,https://thirdwx.qlogo.cn/mmopen/vi_32/aabbccddeeffgghhiijjkkllmmnnkhJ424U9iaKoT96HRdtFVTElujyD5dicict6apEZoU79FKeB13iabYIVhevicJBZbQ/156,0,,,,4/9/1977,1,0,6/2/2022 8:43,6/9/2023 1:43,1,1,NULL,NULL,NULL,NULL,NULL,NULL,NULL,NULL,48,??,NULL,??,17066,1.3 ?? ???,,?? 1.3 ?? ??? 2008 ?? JL474Q2,78747,2008,1.3,????,EJ32,?J*****,LFV2B11K3A3******,,1,0,0,0,,4/13/2023 8:07,408
720,13812312345,ohJR12aabbccddeeffgghhiijjkk,o9ABCDefghijklmnopqrstuvwxyz,???,??,https://thirdwx.qlogo.cn/mmopen/vi_32/aabbccddeeffgghhiijjkkllmmnnkhJ424U9iaKoT96HRdtFVTElujyD5dicict6apEZoU79FKeB13iabYIVhevicJBZbQ/157,0,,,,4/8/1977,1,0,6/2/2022 9:22,11/6/2023 2:38,1,1,NULL,NULL,NULL,NULL,NULL,NULL,NULL,NULL,NULL,NULL,NULL,NULL,NULL,NULL,NULL,NULL,NULL,NULL,NULL,NULL,NULL,NULL,LFV2B11K3A3******,NULL,NULL,0,0,0,????,10/12/2022 19:06,119
728,13812312345,ohJR12aabbccddeeffgghhiijjkk,o9ABCDefghijklmnopqrstuvwxyz,????,??,https://thirdwx.qlogo.cn/mmopen/vi_32/aabbccddeeffgghhiijjkkllmmnnkhJ424U9iaKoT96HRdtFVTElujyD5dicict6apEZoU79FKeB13iabYIVhevicJBZbQ/158,0,,,,4/7/1977,1,0,6/2/2022 9:50,11/6/2023 12:25,1,1,NULL,NULL,NULL,NULL,NULL,NULL,NULL,NULL,133,??,NULL,??,1730,??,,?? ?? 2015 1.4TSI ??? 230TSI ??? CST,27916,2015,1.4,????,EJ33,?E*****,LFV2B11K3A3******,,1,0,0,0,,5/1/2023 10:14,398
731,13812312345,ohJR12aabbccddeeffgghhiijjkk,o9ABCDefghijklmnopqrstuvwxyz,#A001????,???,https://thirdwx.qlogo.cn/mmopen/vi_32/aabbccddeeffgghhiijjkkllmmnnkhJ424U9iaKoT96HRdtFVTElujyD5dicict6apEZoU79FKeB13iabYIVhevicJBZbQ/159,0,,,,4/6/1977,1,0,6/2/2022 10:13,8/30/2023 2:47,1,1,NULL,NULL,NULL,NULL,NULL,NULL,NULL,NULL,NULL,NULL,NULL,NULL,NULL,NULL,NULL,NULL,NULL,NULL,NULL,NULL,NULL,NULL,LFV2B11K3A3******,NULL,NULL,0,0,0,,7/18/2023 19:17,359
733,13812312345,ohJR12aabbccddeeffgghhiijjkk,o9ABCDefghijklmnopqrstuvwxyz,???,??,https://thirdwx.qlogo.cn/mmopen/vi_32/aabbccddeeffgghhiijjkkllmmnnkhJ424U9iaKoT96HRdtFVTElujyD5dicict6apEZoU79FKeB13iabYIVhevicJBZbQ/160,0,,,,4/5/1977,1,0,6/2/2022 10:40,10/27/2023 8:04,1,1,NULL,NULL,NULL,NULL,NULL,NULL,NULL,NULL,NULL,NULL,NULL,NULL,NULL,NULL,NULL,NULL,NULL,NULL,NULL,NULL,EJ34,NULL,LFV2B11K3A3******,NULL,NULL,0,0,0,,5/9/2023 15:56,422
743,13812312345,ohJR12aabbccddeeffgghhiijjkk,o9ABCDefghijklmnopqrstuvwxyz,????,???,https://thirdwx.qlogo.cn/mmopen/vi_32/aabbccddeeffgghhiijjkkllmmnnkhJ424U9iaKoT96HRdtFVTElujyD5dicict6apEZoU79FKeB13iabYIVhevicJBZbQ/161,2,,,,4/4/1977,1,0,6/2/2022 11:19,6/1/2023 10:11,1,1,NULL,NULL,NULL,NULL,NULL,NULL,NULL,NULL,NULL,NULL,NULL,NULL,NULL,NULL,NULL,NULL,NULL,NULL,NULL,NULL,NULL,NULL,LFV2B11K3A3******,NULL,NULL,0,0,0,?????,6/1/2023 9:26,26
743,13812312345,ohJR12aabbccddeeffgghhiijjkk,o9ABCDefghijklmnopqrstuvwxyz,#A001????,??,https://thirdwx.qlogo.cn/mmopen/vi_32/aabbccddeeffgghhiijjkkllmmnnkhJ424U9iaKoT96HRdtFVTElujyD5dicict6apEZoU79FKeB13iabYIVhevicJBZbQ/162,2,,,,4/3/1977,1,0,6/2/2022 11:19,6/1/2023 10:11,1,1,NULL,NULL,NULL,NULL,NULL,NULL,NULL,NULL,NULL,NULL,NULL,NULL,NULL,NULL,NULL,NULL,NULL,NULL,NULL,NULL,EJ35,NULL,LFV2B11K3A3******,NULL,NULL,0,0,0,?????,6/1/2023 9:26,27
763,13812312345,ohJR12aabbccddeeffgghhiijjkk,o9ABCDefghijklmnopqrstuvwxyz,???,??,https://thirdwx.qlogo.cn/mmopen/vi_32/aabbccddeeffgghhiijjkkllmmnnkhJ424U9iaKoT96HRdtFVTElujyD5dicict6apEZoU79FKeB13iabYIVhevicJBZbQ/163,0,,,,4/2/1977,1,0,6/2/2022 2:46,11/15/2023 1:38,1,1,NULL,NULL,NULL,NULL,NULL,NULL,NULL,NULL,NULL,NULL,NULL,NULL,NULL,NULL,NULL,NULL,NULL,NULL,NULL,NULL,NULL,NULL,LFV2B11K3A3******,NULL,NULL,0,0,0,?????,4/22/2023 8:15,430
805,13812312345,ohJR12aabbccddeeffgghhiijjkk,o9ABCDefghijklmnopqrstuvwxyz,????,???,https://thirdwx.qlogo.cn/mmopen/vi_32/aabbccddeeffgghhiijjkkllmmnnkhJ424U9iaKoT96HRdtFVTElujyD5dicict6apEZoU79FKeB13iabYIVhevicJBZbQ/164,3,,,,4/1/1977,1,0,6/4/2022 5:16,11/22/2023 2:21,1,1,NULL,134****2703,???,???,???,**************,0,2,NULL,NULL,NULL,NULL,NULL,NULL,NULL,NULL,NULL,NULL,NULL,NULL,EJ36,NULL,LFV2B11K3A3******,NULL,NULL,0,0,0,,4/21/2023 11:28,327
874,13812312345,ohJR12aabbccddeeffgghhiijjkk,o9ABCDefghijklmnopqrstuvwxyz,#A001????,??,https://thirdwx.qlogo.cn/mmopen/vi_32/aabbccddeeffgghhiijjkkllmmnnkhJ424U9iaKoT96HRdtFVTElujyD5dicict6apEZoU79FKeB13iabYIVhevicJBZbQ/165,0,,,,3/31/1977,1,0,6/6/2022 11:48,6/6/2022 11:48,1,1,NULL,NULL,NULL,NULL,NULL,NULL,NULL,NULL,NULL,NULL,NULL,NULL,NULL,NULL,NULL,NULL,NULL,NULL,NULL,NULL,NULL,NULL,LFV2B11K3A3******,NULL,NULL,0,0,0,NULL,NULL,NULL
912,13812312345,ohJR12aabbccddeeffgghhiijjkk,o9ABCDefghijklmnopqrstuvwxyz,???,???,https://thirdwx.qlogo.cn/mmopen/vi_32/aabbccddeeffgghhiijjkkllmmnnkhJ424U9iaKoT96HRdtFVTElujyD5dicict6apEZoU79FKeB13iabYIVhevicJBZbQ/166,0,,,,3/30/1977,1,0,6/7/2022 4:06,4/21/2023 1:58,1,1,NULL,NULL,NULL,NULL,NULL,NULL,NULL,NULL,NULL,NULL,NULL,NULL,NULL,NULL,NULL,NULL,NULL,NULL,NULL,NULL,EJ37,NULL,LFV2B11K3A3******,NULL,NULL,0,0,0,,4/21/2023 13:58,413
914,13812312345,ohJR12aabbccddeeffgghhiijjkk,o9ABCDefghijklmnopqrstuvwxyz,????,??,https://thirdwx.qlogo.cn/mmopen/vi_32/aabbccddeeffgghhiijjkkllmmnnkhJ424U9iaKoT96HRdtFVTElujyD5dicict6apEZoU79FKeB13iabYIVhevicJBZbQ/167,0,,,,3/29/1977,1,0,6/7/2022 4:08,4/26/2023 11:31,1,1,NULL,NULL,NULL,NULL,NULL,NULL,NULL,NULL,NULL,NULL,NULL,NULL,NULL,NULL,NULL,NULL,NULL,NULL,NULL,NULL,NULL,NULL,LFV2B11K3A3******,NULL,NULL,0,0,0,,4/21/2023 13:59,366
927,13812312345,ohJR12aabbccddeeffgghhiijjkk,o9ABCDefghijklmnopqrstuvwxyz,#A001????,??,https://thirdwx.qlogo.cn/mmopen/vi_32/aabbccddeeffgghhiijjkkllmmnnkhJ424U9iaKoT96HRdtFVTElujyD5dicict6apEZoU79FKeB13iabYIVhevicJBZbQ/168,0,,,,3/28/1977,1,0,6/7/2022 10:03,11/13/2023 12:21,1,1,NULL,NULL,NULL,NULL,NULL,NULL,NULL,NULL,NULL,NULL,NULL,NULL,NULL,NULL,NULL,NULL,NULL,NULL,NULL,NULL,EJ38,NULL,LFV2B11K3A3******,NULL,NULL,0,0,0,,4/21/2023 16:10,331
931,13812312345,ohJR12aabbccddeeffgghhiijjkk,o9ABCDefghijklmnopqrstuvwxyz,???,??,https://thirdwx.qlogo.cn/mmopen/vi_32/aabbccddeeffgghhiijjkkllmmnnkhJ424U9iaKoT96HRdtFVTElujyD5dicict6apEZoU79FKeB13iabYIVhevicJBZbQ/169,0,,,,3/27/1977,1,0,6/8/2022 8:17,8/31/2023 1:17,1,1,NULL,NULL,NULL,NULL,NULL,NULL,NULL,NULL,39,??,NULL,A6,313,A6L,,?? A6L 2005 2.0T ?? ??? BPJ,176225,2005,2,????(??),NULL,?F*****,LFV2B11K3A3******,,1,617,1,1,,3/23/2023 15:29,353
934,13812312345,ohJR12aabbccddeeffgghhiijjkk,o9ABCDefghijklmnopqrstuvwxyz,????,??,https://thirdwx.qlogo.cn/mmopen/vi_32/aabbccddeeffgghhiijjkkllmmnnkhJ424U9iaKoT96HRdtFVTElujyD5dicict6apEZoU79FKeB13iabYIVhevicJBZbQ/170,0,,,,3/26/1977,1,0,6/8/2022 8:27,4/6/2023 10:31,1,1,NULL,NULL,NULL,NULL,NULL,NULL,NULL,NULL,71,??,NULL,??3,929,??3,,?? ??3 2008 1.8 ?? ??? HM483Q,167411,2008,1.8,????,EJ39,?Y*****,LFV2B11K3A3******,,1,931,1,1,,4/3/2023 15:57,335
934,13812312345,ohJR12aabbccddeeffgghhiijjkk,o9ABCDefghijklmnopqrstuvwxyz,#A001????,??,https://thirdwx.qlogo.cn/mmopen/vi_32/aabbccddeeffgghhiijjkkllmmnnkhJ424U9iaKoT96HRdtFVTElujyD5dicict6apEZoU79FKeB13iabYIVhevicJBZbQ/171,0,,,,3/25/1977,1,0,6/8/2022 8:27,4/6/2023 10:31,1,1,NULL,NULL,NULL,NULL,NULL,NULL,NULL,NULL,71,??,NULL,??3,929,??3,,?? ??3 2008 1.8 ?? ??? HM483Q,167411,2008,1.8,????,NULL,?Y*****,LFV2B11K3A3******,,1,931,1,1,,4/3/2023 15:57,405
941,13812312345,ohJR12aabbccddeeffgghhiijjkk,o9ABCDefghijklmnopqrstuvwxyz,???,???,https://thirdwx.qlogo.cn/mmopen/vi_32/aabbccddeeffgghhiijjkkllmmnnkhJ424U9iaKoT96HRdtFVTElujyD5dicict6apEZoU79FKeB13iabYIVhevicJBZbQ/172,0,,,,3/24/1977,1,0,6/8/2022 10:00,6/16/2023 5:50,1,1,NULL,NULL,NULL,NULL,NULL,NULL,NULL,NULL,NULL,NULL,NULL,NULL,NULL,NULL,NULL,NULL,NULL,NULL,NULL,NULL,EJ40,NULL,LFV2B11K3A3******,NULL,NULL,0,0,0,,3/30/2023 10:59,339
989,13812312345,ohJR12aabbccddeeffgghhiijjkk,o9ABCDefghijklmnopqrstuvwxyz,????,??,https://thirdwx.qlogo.cn/mmopen/vi_32/aabbccddeeffgghhiijjkkllmmnnkhJ424U9iaKoT96HRdtFVTElujyD5dicict6apEZoU79FKeB13iabYIVhevicJBZbQ/173,0,,,,3/23/1977,1,0,6/9/2022 10:41,6/8/2023 10:18,1,1,NULL,NULL,NULL,NULL,NULL,NULL,NULL,NULL,NULL,NULL,NULL,NULL,NULL,NULL,NULL,NULL,NULL,NULL,NULL,NULL,NULL,NULL,LFV2B11K3A3******,NULL,NULL,0,0,0,NULL,6/8/2023 10:19,NULL
1034,13812312345,ohJR12aabbccddeeffgghhiijjkk,o9ABCDefghijklmnopqrstuvwxyz,#A001????,???,https://thirdwx.qlogo.cn/mmopen/vi_32/aabbccddeeffgghhiijjkkllmmnnkhJ424U9iaKoT96HRdtFVTElujyD5dicict6apEZoU79FKeB13iabYIVhevicJBZbQ/174,0,,,,3/22/1977,1,0,6/10/2022 10:08,4/10/2023 7:33,1,1,NULL,NULL,NULL,NULL,NULL,NULL,NULL,NULL,NULL,NULL,NULL,NULL,NULL,NULL,NULL,NULL,NULL,NULL,NULL,NULL,EJ41,NULL,LFV2B11K3A3******,NULL,NULL,617,1,1,,4/6/2023 17:12,349
1051,13812312345,ohJR12aabbccddeeffgghhiijjkk,o9ABCDefghijklmnopqrstuvwxyz,???,??,https://thirdwx.qlogo.cn/mmopen/vi_32/aabbccddeeffgghhiijjkkllmmnnkhJ424U9iaKoT96HRdtFVTElujyD5dicict6apEZoU79FKeB13iabYIVhevicJBZbQ/175,0,,,,3/21/1977,1,0,6/10/2022 11:50,4/25/2023 10:24,1,1,NULL,NULL,NULL,NULL,NULL,NULL,NULL,NULL,NULL,NULL,NULL,NULL,NULL,NULL,NULL,NULL,NULL,NULL,NULL,NULL,NULL,NULL,LFV2B11K3A3******,NULL,NULL,0,0,0,,4/25/2023 10:24,416
1052,13812312345,ohJR12aabbccddeeffgghhiijjkk,o9ABCDefghijklmnopqrstuvwxyz,????,??,https://thirdwx.qlogo.cn/mmopen/vi_32/aabbccddeeffgghhiijjkkllmmnnkhJ424U9iaKoT96HRdtFVTElujyD5dicict6apEZoU79FKeB13iabYIVhevicJBZbQ/176,1,,,,3/20/1977,1,0,6/10/2022 11:50,2/11/2023 1:21,1,1,NULL,139****3281,???,???,???,*******,0,2,133,??,NULL,???,1712,???,,?? ??? 2011 1.8TSI ??? ??? CEA,19846,2011,1.8,????,EJ42,?A*****,LFV2B11K3A3******,,1,0,0,0,?????,9/1/2022 16:33,26
1095,13812312345,ohJR12aabbccddeeffgghhiijjkk,o9ABCDefghijklmnopqrstuvwxyz,#A001????,???,https://thirdwx.qlogo.cn/mmopen/vi_32/aabbccddeeffgghhiijjkkllmmnnkhJ424U9iaKoT96HRdtFVTElujyD5dicict6apEZoU79FKeB13iabYIVhevicJBZbQ/177,0,,,,3/19/1977,1,0,6/10/2022 7:02,1/31/2023 5:53,1,1,NULL,NULL,NULL,NULL,NULL,NULL,NULL,NULL,NULL,NULL,NULL,NULL,NULL,NULL,NULL,NULL,NULL,NULL,NULL,NULL,NULL,NULL,LFV2B11K3A3******,NULL,NULL,0,0,0,????,12/26/2022 13:35,295
1262,13812312345,ohJR12aabbccddeeffgghhiijjkk,o9ABCDefghijklmnopqrstuvwxyz,???,??,https://thirdwx.qlogo.cn/mmopen/vi_32/aabbccddeeffgghhiijjkkllmmnnkhJ424U9iaKoT96HRdtFVTElujyD5dicict6apEZoU79FKeB13iabYIVhevicJBZbQ/178,0,,,,3/18/1977,1,0,6/16/2022 6:23,6/16/2022 6:24,1,1,NULL,NULL,NULL,NULL,NULL,NULL,NULL,NULL,NULL,NULL,NULL,NULL,NULL,NULL,NULL,NULL,NULL,NULL,NULL,NULL,EJ43,NULL,LFV2B11K3A3******,NULL,NULL,0,0,0,NULL,NULL,NULL
1359,13812312345,ohJR12aabbccddeeffgghhiijjkk,o9ABCDefghijklmnopqrstuvwxyz,????,???,https://thirdwx.qlogo.cn/mmopen/vi_32/aabbccddeeffgghhiijjkkllmmnnkhJ424U9iaKoT96HRdtFVTElujyD5dicict6apEZoU79FKeB13iabYIVhevicJBZbQ/179,0,,,,3/17/1977,1,0,6/20/2022 4:32,5/22/2023 6:46,1,1,NULL,NULL,NULL,NULL,NULL,NULL,NULL,NULL,45,??,NULL,3?,389,325i,,?? 325i 2004 2.5 ???? M54B25(256S5),20575,2004,2.5,????,NULL,?U*****,LFV2B11K3A3******,,1,0,0,0,?????,5/22/2023 18:46,25
1591,13812312345,ohJR12aabbccddeeffgghhiijjkk,o9ABCDefghijklmnopqrstuvwxyz,#A001????,??,https://thirdwx.qlogo.cn/mmopen/vi_32/aabbccddeeffgghhiijjkkllmmnnkhJ424U9iaKoT96HRdtFVTElujyD5dicict6apEZoU79FKeB13iabYIVhevicJBZbQ/180,0,,,,3/16/1977,1,0,7/1/2022 4:51,7/10/2023 8:48,1,1,NULL,NULL,NULL,NULL,NULL,NULL,NULL,NULL,NULL,NULL,NULL,NULL,NULL,NULL,NULL,NULL,NULL,NULL,NULL,NULL,EJ44,NULL,LFV2B11K3A3******,NULL,NULL,0,0,0,?????,7/10/2023 8:48,17
1597,13812312345,ohJR12aabbccddeeffgghhiijjkk,o9ABCDefghijklmnopqrstuvwxyz,???,??,https://thirdwx.qlogo.cn/mmopen/vi_32/aabbccddeeffgghhiijjkkllmmnnkhJ424U9iaKoT96HRdtFVTElujyD5dicict6apEZoU79FKeB13iabYIVhevicJBZbQ/181,0,,,,3/15/1977,1,0,7/2/2022 9:52,7/24/2023 6:36,1,1,NULL,NULL,NULL,NULL,NULL,NULL,NULL,NULL,NULL,NULL,NULL,NULL,NULL,NULL,NULL,NULL,NULL,NULL,NULL,NULL,NULL,NULL,LFV2B11K3A3******,NULL,NULL,0,0,0,?????,7/24/2023 18:33,23
1642,13812312345,ohJR12aabbccddeeffgghhiijjkk,o9ABCDefghijklmnopqrstuvwxyz,????,??,https://thirdwx.qlogo.cn/mmopen/vi_32/aabbccddeeffgghhiijjkkllmmnnkhJ424U9iaKoT96HRdtFVTElujyD5dicict6apEZoU79FKeB13iabYIVhevicJBZbQ/182,0,,,,3/14/1977,1,0,7/4/2022 1:52,7/24/2023 12:00,1,1,NULL,NULL,NULL,NULL,NULL,NULL,NULL,NULL,NULL,NULL,NULL,NULL,NULL,NULL,NULL,NULL,NULL,NULL,NULL,NULL,EJ45,NULL,LFV2B11K3A3******,NULL,NULL,0,0,0,,4/16/2023 8:53,383
1686,13812312345,ohJR12aabbccddeeffgghhiijjkk,o9ABCDefghijklmnopqrstuvwxyz,#A001????,??,https://thirdwx.qlogo.cn/mmopen/vi_32/aabbccddeeffgghhiijjkkllmmnnkhJ424U9iaKoT96HRdtFVTElujyD5dicict6apEZoU79FKeB13iabYIVhevicJBZbQ/183,0,,,,3/13/1977,1,0,7/6/2022 2:54,9/6/2023 1:22,1,1,NULL,NULL,NULL,NULL,NULL,NULL,NULL,NULL,107,??,NULL,E?,1365,E 300 L,,?? E 300 L 2022 2.0T ???? ??? 264 920,57541,2022,2,????,NULL,?A*****,LFV2B11K3A3******,,1,0,0,0,?????,8/9/2022 12:27,28
1874,13812312345,ohJR12aabbccddeeffgghhiijjkk,o9ABCDefghijklmnopqrstuvwxyz,???,??,https://thirdwx.qlogo.cn/mmopen/vi_32/aabbccddeeffgghhiijjkkllmmnnkhJ424U9iaKoT96HRdtFVTElujyD5dicict6apEZoU79FKeB13iabYIVhevicJBZbQ/184,3,,,,3/12/1977,1,0,7/9/2022 10:51,5/1/2023 9:01,1,1,NULL,NULL,NULL,NULL,NULL,NULL,NULL,NULL,NULL,NULL,NULL,NULL,NULL,NULL,NULL,NULL,NULL,NULL,NULL,NULL,EJ46,NULL,LFV2B11K3A3******,NULL,NULL,0,0,0,?????,2/5/2023 13:30,26
1881,13812312345,ohJR12aabbccddeeffgghhiijjkk,o9ABCDefghijklmnopqrstuvwxyz,????,???,https://thirdwx.qlogo.cn/mmopen/vi_32/aabbccddeeffgghhiijjkkllmmnnkhJ424U9iaKoT96HRdtFVTElujyD5dicict6apEZoU79FKeB13iabYIVhevicJBZbQ/185,0,,,,3/11/1977,1,0,7/9/2022 11:07,7/9/2022 11:07,1,1,NULL,NULL,NULL,NULL,NULL,NULL,NULL,NULL,NULL,NULL,NULL,NULL,NULL,NULL,NULL,NULL,NULL,NULL,NULL,NULL,NULL,NULL,LFV2B11K3A3******,NULL,NULL,0,0,0,NULL,NULL,NULL
1965,13812312345,ohJR12aabbccddeeffgghhiijjkk,o9ABCDefghijklmnopqrstuvwxyz,#A001????,??,https://thirdwx.qlogo.cn/mmopen/vi_32/aabbccddeeffgghhiijjkkllmmnnkhJ424U9iaKoT96HRdtFVTElujyD5dicict6apEZoU79FKeB13iabYIVhevicJBZbQ/186,0,,,,3/10/1977,1,0,7/9/2022 5:05,10/21/2023 9:28,1,1,NULL,NULL,NULL,NULL,NULL,NULL,NULL,NULL,7,??,NULL,???,778,???-??,,?? ???-?? 2009 1.8 ???? ??? CAF483Q0,31052,2009,1.8,???????,EJ47,?C*****,LFV2B11K3A3******,,1,0,0,0,?????,6/20/2023 13:07,28
1977,13812312345,ohJR12aabbccddeeffgghhiijjkk,o9ABCDefghijklmnopqrstuvwxyz,???,???,https://thirdwx.qlogo.cn/mmopen/vi_32/aabbccddeeffgghhiijjkkllmmnnkhJ424U9iaKoT96HRdtFVTElujyD5dicict6apEZoU79FKeB13iabYIVhevicJBZbQ/187,0,,,,3/9/1977,1,0,7/9/2022 8:25,7/9/2022 8:25,1,1,NULL,NULL,NULL,NULL,NULL,NULL,NULL,NULL,NULL,NULL,NULL,NULL,NULL,NULL,NULL,NULL,NULL,NULL,NULL,NULL,NULL,NULL,LFV2B11K3A3******,NULL,NULL,0,0,0,???,7/9/2022 8:25,14
2038,13812312345,ohJR12aabbccddeeffgghhiijjkk,o9ABCDefghijklmnopqrstuvwxyz,????,??,https://thirdwx.qlogo.cn/mmopen/vi_32/aabbccddeeffgghhiijjkkllmmnnkhJ424U9iaKoT96HRdtFVTElujyD5dicict6apEZoU79FKeB13iabYIVhevicJBZbQ/188,1,,,,3/8/1977,1,0,7/11/2022 3:32,3/6/2023 1:01,1,1,NULL,NULL,NULL,NULL,NULL,NULL,NULL,NULL,115,???,NULL,?,4800,?,,??? ? 2020 ???????? TZ200XSC(???),22467,2020,??,?????,EJ48,?BA*****,LFV2B11K3A3******,,1,0,0,0,?????,3/6/2023 13:02,21
2059,13812312345,ohJR12aabbccddeeffgghhiijjkk,o9ABCDefghijklmnopqrstuvwxyz,#A001????,??,https://thirdwx.qlogo.cn/mmopen/vi_32/aabbccddeeffgghhiijjkkllmmnnkhJ424U9iaKoT96HRdtFVTElujyD5dicict6apEZoU79FKeB13iabYIVhevicJBZbQ/189,0,,,,3/7/1977,1,0,7/12/2022 11:10,10/31/2023 9:34,1,1,NULL,NULL,NULL,NULL,NULL,NULL,NULL,NULL,NULL,NULL,NULL,NULL,NULL,NULL,NULL,NULL,NULL,NULL,NULL,NULL,NULL,NULL,LFV2B11K3A3******,NULL,NULL,0,0,0,???,7/12/2022 11:10,14
2144,13812312345,ohJR12aabbccddeeffgghhiijjkk,o9ABCDefghijklmnopqrstuvwxyz,???,???,https://thirdwx.qlogo.cn/mmopen/vi_32/aabbccddeeffgghhiijjkkllmmnnkhJ424U9iaKoT96HRdtFVTElujyD5dicict6apEZoU79FKeB13iabYIVhevicJBZbQ/190,0,,,,3/6/1977,1,0,7/14/2022 5:18,10/23/2023 2:38,1,1,NULL,NULL,NULL,NULL,NULL,NULL,NULL,NULL,NULL,NULL,NULL,NULL,NULL,NULL,NULL,NULL,NULL,NULL,NULL,NULL,EJ49,NULL,LFV2B11K3A3******,NULL,NULL,0,0,0,?????,10/23/2023 13:34,28
2204,13812312345,ohJR12aabbccddeeffgghhiijjkk,o9ABCDefghijklmnopqrstuvwxyz,????,??,https://thirdwx.qlogo.cn/mmopen/vi_32/aabbccddeeffgghhiijjkkllmmnnkhJ424U9iaKoT96HRdtFVTElujyD5dicict6apEZoU79FKeB13iabYIVhevicJBZbQ/191,0,,,,3/5/1977,1,0,7/16/2022 7:14,7/16/2022 7:14,1,1,NULL,NULL,NULL,NULL,NULL,NULL,NULL,NULL,NULL,NULL,NULL,NULL,NULL,NULL,NULL,NULL,NULL,NULL,NULL,NULL,NULL,NULL,LFV2B11K3A3******,NULL,NULL,0,0,0,NULL,NULL,NULL
2210,13812312345,ohJR12aabbccddeeffgghhiijjkk,o9ABCDefghijklmnopqrstuvwxyz,#A001????,???,https://thirdwx.qlogo.cn/mmopen/vi_32/aabbccddeeffgghhiijjkkllmmnnkhJ424U9iaKoT96HRdtFVTElujyD5dicict6apEZoU79FKeB13iabYIVhevicJBZbQ/192,3,,,,3/4/1977,1,0,7/17/2022 9:04,8/17/2023 12:05,1,1,NULL,NULL,NULL,NULL,NULL,NULL,NULL,NULL,NULL,NULL,NULL,NULL,NULL,NULL,NULL,NULL,NULL,NULL,NULL,NULL,EJ50,NULL,LFV2B11K3A3******,NULL,NULL,0,0,0,,8/13/2023 15:49,380
2211,13812312345,ohJR12aabbccddeeffgghhiijjkk,o9ABCDefghijklmnopqrstuvwxyz,???,??,https://thirdwx.qlogo.cn/mmopen/vi_32/aabbccddeeffgghhiijjkkllmmnnkhJ424U9iaKoT96HRdtFVTElujyD5dicict6apEZoU79FKeB13iabYIVhevicJBZbQ/193,0,,,,3/3/1977,1,0,7/17/2022 9:08,6/4/2023 11:44,1,1,NULL,NULL,NULL,NULL,NULL,NULL,NULL,NULL,NULL,NULL,NULL,NULL,NULL,NULL,NULL,NULL,NULL,NULL,NULL,NULL,NULL,NULL,LFV2B11K3A3******,NULL,NULL,0,0,0,,4/6/2023 11:51,379
2212,13812312345,ohJR12aabbccddeeffgghhiijjkk,o9ABCDefghijklmnopqrstuvwxyz,????,??,https://thirdwx.qlogo.cn/mmopen/vi_32/aabbccddeeffgghhiijjkkllmmnnkhJ424U9iaKoT96HRdtFVTElujyD5dicict6apEZoU79FKeB13iabYIVhevicJBZbQ/194,0,,,,3/2/1977,1,0,7/17/2022 9:12,4/16/2023 3:44,1,1,NULL,NULL,NULL,NULL,NULL,NULL,NULL,NULL,2,??,NULL,???,433,???,,?? ??? 2018 2.0T ???? 28T ????? LTG,15903,2018,2,????,EJ51,,LFV2B11K3A3******,,1,0,0,0,,4/16/2023 9:36,335
2212,13812312345,ohJR12aabbccddeeffgghhiijjkk,o9ABCDefghijklmnopqrstuvwxyz,#A001????,??,https://thirdwx.qlogo.cn/mmopen/vi_32/aabbccddeeffgghhiijjkkllmmnnkhJ424U9iaKoT96HRdtFVTElujyD5dicict6apEZoU79FKeB13iabYIVhevicJBZbQ/195,0,,,,3/1/1977,1,0,7/17/2022 9:12,4/16/2023 3:44,1,1,NULL,NULL,NULL,NULL,NULL,NULL,NULL,NULL,2,??,NULL,???,433,???,,?? ??? 2018 2.0T ???? 28T ????? LTG,15903,2018,2,????,NULL,,LFV2B11K3A3******,,1,0,0,0,,4/16/2023 9:36,371
2240,13812312345,ohJR12aabbccddeeffgghhiijjkk,o9ABCDefghijklmnopqrstuvwxyz,???,??,https://thirdwx.qlogo.cn/mmopen/vi_32/aabbccddeeffgghhiijjkkllmmnnkhJ424U9iaKoT96HRdtFVTElujyD5dicict6apEZoU79FKeB13iabYIVhevicJBZbQ/196,0,,,,2/28/1977,1,0,7/18/2022 2:40,2/25/2023 5:55,1,1,NULL,NULL,NULL,NULL,NULL,NULL,NULL,NULL,122,???,NULL,??,1584,??,,??? ?? 2018 1.4TSI ??? TSI280 ??? DJS,148871,2018,1.4,????,EJ52,?R*****,LFV2B11K3A3******,,1,0,0,0,???,7/21/2022 12:44,14
2269,13812312345,ohJR12aabbccddeeffgghhiijjkk,o9ABCDefghijklmnopqrstuvwxyz,????,??,https://thirdwx.qlogo.cn/mmopen/vi_32/aabbccddeeffgghhiijjkkllmmnnkhJ424U9iaKoT96HRdtFVTElujyD5dicict6apEZoU79FKeB13iabYIVhevicJBZbQ/197,1,,,,2/27/1977,1,0,7/20/2022 8:31,4/28/2023 12:00,1,1,NULL,NULL,NULL,NULL,NULL,NULL,NULL,NULL,NULL,NULL,NULL,NULL,NULL,NULL,NULL,NULL,NULL,NULL,NULL,NULL,NULL,NULL,LFV2B11K3A3******,NULL,NULL,0,0,0,,4/10/2023 10:56,334
2270,13812312345,ohJR12aabbccddeeffgghhiijjkk,o9ABCDefghijklmnopqrstuvwxyz,#A001????,???,https://thirdwx.qlogo.cn/mmopen/vi_32/aabbccddeeffgghhiijjkkllmmnnkhJ424U9iaKoT96HRdtFVTElujyD5dicict6apEZoU79FKeB13iabYIVhevicJBZbQ/198,1,,,,2/26/1977,1,0,7/20/2022 9:02,7/20/2022 9:03,1,1,NULL,NULL,NULL,NULL,NULL,NULL,NULL,NULL,133,??,,???? - POLO,1721,POLO,,?? POLO 2016 1.6 ???? ??? CSR,10827,,,,,?A*****,LFV2B11K3A3******,,1,0,0,0,???,7/20/2022 9:02,14
2286,13812312345,ohJR12aabbccddeeffgghhiijjkk,o9ABCDefghijklmnopqrstuvwxyz,???,??,https://thirdwx.qlogo.cn/mmopen/vi_32/aabbccddeeffgghhiijjkkllmmnnkhJ424U9iaKoT96HRdtFVTElujyD5dicict6apEZoU79FKeB13iabYIVhevicJBZbQ/199,0,,,,2/25/1977,1,0,7/20/2022 4:35,10/22/2022 1:55,1,1,NULL,NULL,NULL,NULL,NULL,NULL,NULL,NULL,NULL,NULL,NULL,NULL,NULL,NULL,NULL,NULL,NULL,NULL,NULL,NULL,NULL,NULL,LFV2B11K3A3******,NULL,NULL,0,0,0,?????,10/19/2022 15:37,27
2329,13812312345,ohJR12aabbccddeeffgghhiijjkk,o9ABCDefghijklmnopqrstuvwxyz,????,???,https://thirdwx.qlogo.cn/mmopen/vi_32/aabbccddeeffgghhiijjkkllmmnnkhJ424U9iaKoT96HRdtFVTElujyD5dicict6apEZoU79FKeB13iabYIVhevicJBZbQ/200,0,,,,2/24/1977,1,0,7/21/2022 3:02,4/10/2023 1:04,1,1,NULL,NULL,NULL,NULL,NULL,NULL,NULL,NULL,NULL,NULL,NULL,NULL,NULL,NULL,NULL,NULL,NULL,NULL,NULL,NULL,NULL,NULL,LFV2B11K3A3******,NULL,NULL,0,1,0,,2/13/2023 13:14,300
2331,13812312345,ohJR12aabbccddeeffgghhiijjkk,o9ABCDefghijklmnopqrstuvwxyz,#A001????,??,https://thirdwx.qlogo.cn/mmopen/vi_32/aabbccddeeffgghhiijjkkllmmnnkhJ424U9iaKoT96HRdtFVTElujyD5dicict6apEZoU79FKeB13iabYIVhevicJBZbQ/201,0,,,,2/23/1977,1,0,7/21/2022 3:03,9/1/2022 12:32,1,1,NULL,NULL,NULL,NULL,NULL,NULL,NULL,NULL,NULL,NULL,NULL,NULL,NULL,NULL,NULL,NULL,NULL,NULL,NULL,NULL,NULL,NULL,LFV2B11K3A3******,NULL,NULL,0,1,0,??????,9/1/2022 12:32,29
2401,13812312345,ohJR12aabbccddeeffgghhiijjkk,o9ABCDefghijklmnopqrstuvwxyz,???,??,https://thirdwx.qlogo.cn/mmopen/vi_32/aabbccddeeffgghhiijjkkllmmnnkhJ424U9iaKoT96HRdtFVTElujyD5dicict6apEZoU79FKeB13iabYIVhevicJBZbQ/202,0,,,,2/22/1977,1,0,7/21/2022 3:22,7/21/2022 3:22,1,1,NULL,NULL,NULL,NULL,NULL,NULL,NULL,NULL,NULL,NULL,NULL,NULL,NULL,NULL,NULL,NULL,NULL,NULL,NULL,NULL,NULL,NULL,LFV2B11K3A3******,NULL,NULL,0,1,0,NULL,NULL,NULL
2434,13812312345,ohJR12aabbccddeeffgghhiijjkk,o9ABCDefghijklmnopqrstuvwxyz,????,???,https://thirdwx.qlogo.cn/mmopen/vi_32/aabbccddeeffgghhiijjkkllmmnnkhJ424U9iaKoT96HRdtFVTElujyD5dicict6apEZoU79FKeB13iabYIVhevicJBZbQ/203,0,,,,2/21/1977,1,0,7/22/2022 4:00,7/22/2022 4:00,1,1,NULL,NULL,NULL,NULL,NULL,NULL,NULL,NULL,NULL,NULL,NULL,NULL,NULL,NULL,NULL,NULL,NULL,NULL,NULL,NULL,NULL,NULL,LFV2B11K3A3******,NULL,NULL,0,0,0,NULL,NULL,NULL
2453,13812312345,ohJR12aabbccddeeffgghhiijjkk,o9ABCDefghijklmnopqrstuvwxyz,#A001????,??,https://thirdwx.qlogo.cn/mmopen/vi_32/aabbccddeeffgghhiijjkkllmmnnkhJ424U9iaKoT96HRdtFVTElujyD5dicict6apEZoU79FKeB13iabYIVhevicJBZbQ/204,0,,,,2/20/1977,1,0,7/23/2022 4:30,3/28/2023 12:45,1,1,NULL,NULL,NULL,NULL,NULL,NULL,NULL,NULL,NULL,NULL,NULL,NULL,NULL,NULL,NULL,NULL,NULL,NULL,NULL,NULL,NULL,NULL,LFV2B11K3A3******,NULL,NULL,0,0,0,?????,3/28/2023 12:45,28
2454,13812312345,ohJR12aabbccddeeffgghhiijjkk,o9ABCDefghijklmnopqrstuvwxyz,???,???,https://thirdwx.qlogo.cn/mmopen/vi_32/aabbccddeeffgghhiijjkkllmmnnkhJ424U9iaKoT96HRdtFVTElujyD5dicict6apEZoU79FKeB13iabYIVhevicJBZbQ/205,0,,,,2/19/1977,1,0,7/23/2022 4:42,8/10/2023 4:07,1,1,NULL,NULL,NULL,NULL,NULL,NULL,NULL,NULL,NULL,NULL,NULL,NULL,NULL,NULL,NULL,NULL,NULL,NULL,NULL,NULL,NULL,NULL,LFV2B11K3A3******,NULL,NULL,0,0,0,?????,8/10/2023 16:11,19
2504,13812312345,ohJR12aabbccddeeffgghhiijjkk,o9ABCDefghijklmnopqrstuvwxyz,????,??,https://thirdwx.qlogo.cn/mmopen/vi_32/aabbccddeeffgghhiijjkkllmmnnkhJ424U9iaKoT96HRdtFVTElujyD5dicict6apEZoU79FKeB13iabYIVhevicJBZbQ/206,0,,,,2/18/1977,1,0,7/26/2022 9:11,9/20/2022 11:50,1,1,NULL,NULL,NULL,NULL,NULL,NULL,NULL,NULL,NULL,NULL,NULL,NULL,NULL,NULL,NULL,NULL,NULL,NULL,NULL,NULL,NULL,NULL,LFV2B11K3A3******,NULL,NULL,0,0,0,???,7/26/2022 9:11,14
2582,13812312345,ohJR12aabbccddeeffgghhiijjkk,o9ABCDefghijklmnopqrstuvwxyz,#A001????,??,https://thirdwx.qlogo.cn/mmopen/vi_32/aabbccddeeffgghhiijjkkllmmnnkhJ424U9iaKoT96HRdtFVTElujyD5dicict6apEZoU79FKeB13iabYIVhevicJBZbQ/207,1,,,,2/17/1977,1,0,7/28/2022 9:37,6/1/2023 9:56,1,1,NULL,186****1920,???,???,???,************,0,2,122,???,https://bdoprodsa01.blob.core.chinacloudapi.cn/bosch-mini/images/assets/car_brand/sikeda.png,??,1575,??,,??? ?? 2015 1.6 ???? ??? CSR,15289,2015,1.6,????,CSR,?A*****,LFV2B11K3A3******,,1,0,0,0,????,2/11/2023 11:58,289
2668,13812312345,ohJR12aabbccddeeffgghhiijjkk,o9ABCDefghijklmnopqrstuvwxyz,???,??,https://thirdwx.qlogo.cn/mmopen/vi_32/aabbccddeeffgghhiijjkkllmmnnkhJ424U9iaKoT96HRdtFVTElujyD5dicict6apEZoU79FKeB13iabYIVhevicJBZbQ/208,0,,,,2/16/1977,1,0,7/29/2022 1:57,3/9/2023 10:34,1,1,NULL,NULL,NULL,NULL,NULL,NULL,NULL,NULL,7,??,https://bdoprodsa01.blob.core.chinacloudapi.cn/bosch-mini/images/assets/car_brand/fute.png,??,783,??,,?? ?? 2015 1.5GTDi ???? ????? CAF479WQ1,151379,2015,1.5,????,CAF479WQ1,?B*****,LFV2B11K3A3******,,1,0,0,0,?????,3/9/2023 10:35,25
2689,13812312345,ohJR12aabbccddeeffgghhiijjkk,o9ABCDefghijklmnopqrstuvwxyz,????,??,https://thirdwx.qlogo.cn/mmopen/vi_32/aabbccddeeffgghhiijjkkllmmnnkhJ424U9iaKoT96HRdtFVTElujyD5dicict6apEZoU79FKeB13iabYIVhevicJBZbQ/209,0,,,,2/15/1977,1,0,7/29/2022 8:59,10/24/2023 11:22,1,1,NULL,NULL,NULL,NULL,NULL,NULL,NULL,NULL,NULL,NULL,NULL,NULL,NULL,NULL,NULL,NULL,NULL,NULL,NULL,NULL,NULL,NULL,LFV2B11K3A3******,NULL,NULL,0,0,0,?????,9/24/2023 16:02,26
2760,13812312345,ohJR12aabbccddeeffgghhiijjkk,o9ABCDefghijklmnopqrstuvwxyz,#A001????,??,https://thirdwx.qlogo.cn/mmopen/vi_32/aabbccddeeffgghhiijjkkllmmnnkhJ424U9iaKoT96HRdtFVTElujyD5dicict6apEZoU79FKeB13iabYIVhevicJBZbQ/210,2,,,,2/14/1977,1,0,8/1/2022 1:58,10/17/2023 3:51,1,1,NULL,NULL,NULL,NULL,NULL,NULL,NULL,NULL,NULL,NULL,NULL,NULL,NULL,NULL,NULL,NULL,NULL,NULL,NULL,NULL,NULL,NULL,LFV2B11K3A3******,NULL,NULL,0,0,0,????,3/2/2023 16:58,194
2765,13812312345,ohJR12aabbccddeeffgghhiijjkk,o9ABCDefghijklmnopqrstuvwxyz,???,???,https://thirdwx.qlogo.cn/mmopen/vi_32/aabbccddeeffgghhiijjkkllmmnnkhJ424U9iaKoT96HRdtFVTElujyD5dicict6apEZoU79FKeB13iabYIVhevicJBZbQ/211,0,,,,2/13/1977,1,0,8/1/2022 3:32,9/9/2022 5:11,1,1,NULL,NULL,NULL,NULL,NULL,NULL,NULL,NULL,NULL,NULL,NULL,NULL,NULL,NULL,NULL,NULL,NULL,NULL,NULL,NULL,NULL,NULL,LFV2B11K3A3******,NULL,NULL,0,1,0,NULL,NULL,NULL
2840,13812312345,ohJR12aabbccddeeffgghhiijjkk,o9ABCDefghijklmnopqrstuvwxyz,????,??,https://thirdwx.qlogo.cn/mmopen/vi_32/aabbccddeeffgghhiijjkkllmmnnkhJ424U9iaKoT96HRdtFVTElujyD5dicict6apEZoU79FKeB13iabYIVhevicJBZbQ/212,2,,,,2/12/1977,1,0,8/4/2022 11:30,11/17/2023 2:22,1,1,NULL,NULL,NULL,NULL,NULL,NULL,NULL,NULL,NULL,NULL,NULL,NULL,NULL,NULL,NULL,NULL,NULL,NULL,NULL,NULL,NULL,NULL,LFV2B11K3A3******,NULL,NULL,0,0,0,?????,11/17/2023 14:22,25
2868,13812312345,ohJR12aabbccddeeffgghhiijjkk,o9ABCDefghijklmnopqrstuvwxyz,#A001????,???,https://thirdwx.qlogo.cn/mmopen/vi_32/aabbccddeeffgghhiijjkkllmmnnkhJ424U9iaKoT96HRdtFVTElujyD5dicict6apEZoU79FKeB13iabYIVhevicJBZbQ/213,2,,,,2/11/1977,1,0,8/5/2022 12:28,11/5/2023 10:35,1,1,NULL,NULL,NULL,NULL,NULL,NULL,NULL,NULL,129,??,https://bdoprodsa01.blob.core.chinacloudapi.cn/bosch-mini/images/assets/car_brand/fengtian.png,???,1651,???,,?? ??? 2011 1.6E ?? ??? 1ZR-FE,11164,2011,1.6,????,1ZR-FE,?D*****,LFV2B11K3A3******,,1,0,0,0,,10/12/2023 16:43,379
2884,13812312345,ohJR12aabbccddeeffgghhiijjkk,o9ABCDefghijklmnopqrstuvwxyz,???,??,https://thirdwx.qlogo.cn/mmopen/vi_32/aabbccddeeffgghhiijjkkllmmnnkhJ424U9iaKoT96HRdtFVTElujyD5dicict6apEZoU79FKeB13iabYIVhevicJBZbQ/214,0,,,,2/10/1977,1,0,8/5/2022 10:54,12/12/2022 8:29,1,1,NULL,NULL,NULL,NULL,NULL,NULL,NULL,NULL,NULL,NULL,NULL,NULL,NULL,NULL,NULL,NULL,NULL,NULL,NULL,NULL,NULL,NULL,LFV2B11K3A3******,NULL,NULL,0,0,0,?????,12/12/2022 20:29,19
2986,13812312345,ohJR12aabbccddeeffgghhiijjkk,o9ABCDefghijklmnopqrstuvwxyz,????,??,https://thirdwx.qlogo.cn/mmopen/vi_32/aabbccddeeffgghhiijjkkllmmnnkhJ424U9iaKoT96HRdtFVTElujyD5dicict6apEZoU79FKeB13iabYIVhevicJBZbQ/215,1,,,,2/9/1977,1,0,8/10/2022 4:14,11/24/2023 6:08,1,1,NULL,138****9370,???,???,???,********,0,2,111,??,https://bdoprodsa01.blob.core.chinacloudapi.cn/bosch-mini/images/assets/car_brand/biaozhi.png,408,1460,408,,?? 408 2013 2.0 ?? ??? PSA RFN 10LH3X,170834,2013,2,????,PSA RFN 10LH3X,?A*****,LFV2B11K3A3******,,1,0,0,0,,5/9/2023 10:37,422
2986,13812312345,ohJR12aabbccddeeffgghhiijjkk,o9ABCDefghijklmnopqrstuvwxyz,#A001????,???,https://thirdwx.qlogo.cn/mmopen/vi_32/aabbccddeeffgghhiijjkkllmmnnkhJ424U9iaKoT96HRdtFVTElujyD5dicict6apEZoU79FKeB13iabYIVhevicJBZbQ/216,1,,,,2/8/1977,1,0,8/10/2022 4:14,11/24/2023 6:08,1,1,NULL,138****9370,???,???,???,********,0,2,111,??,https://bdoprodsa01.blob.core.chinacloudapi.cn/bosch-mini/images/assets/car_brand/biaozhi.png,408,1460,408,,?? 408 2013 2.0 ???? ??? PSA RFN 10LH3X,170821,2013,2,????,PSA RFN 10LH3X,?A*****,LFV2B11K3A3******,,1,0,0,0,,5/9/2023 10:37,388
2986,13812312345,ohJR12aabbccddeeffgghhiijjkk,o9ABCDefghijklmnopqrstuvwxyz,???,??,https://thirdwx.qlogo.cn/mmopen/vi_32/aabbccddeeffgghhiijjkkllmmnnkhJ424U9iaKoT96HRdtFVTElujyD5dicict6apEZoU79FKeB13iabYIVhevicJBZbQ/217,1,,,,2/7/1977,1,0,8/10/2022 4:14,11/24/2023 6:08,1,1,NULL,138****9370,???,???,???,********,0,2,111,??,https://bdoprodsa01.blob.core.chinacloudapi.cn/bosch-mini/images/assets/car_brand/biaozhi.png,408,1460,408,,?? 408 2013 2.0 ???? ??? PSA RFN 10LH3X,170821,2013,2,????,PSA RFN 10LH3X,?A*****,LFV2B11K3A3******,,1,0,0,0,????,3/16/2023 14:44,318
3001,13812312345,ohJR12aabbccddeeffgghhiijjkk,o9ABCDefghijklmnopqrstuvwxyz,????,???,https://thirdwx.qlogo.cn/mmopen/vi_32/aabbccddeeffgghhiijjkkllmmnnkhJ424U9iaKoT96HRdtFVTElujyD5dicict6apEZoU79FKeB13iabYIVhevicJBZbQ/218,0,,,,2/6/1977,1,0,8/11/2022 9:00,8/26/2022 6:38,1,1,NULL,NULL,NULL,NULL,NULL,NULL,NULL,NULL,NULL,NULL,NULL,NULL,NULL,NULL,NULL,NULL,NULL,NULL,NULL,NULL,NULL,NULL,LFV2B11K3A3******,NULL,NULL,0,0,0,?????,8/26/2022 12:21,15
3038,13812312345,ohJR12aabbccddeeffgghhiijjkk,o9ABCDefghijklmnopqrstuvwxyz,#A001????,??,https://thirdwx.qlogo.cn/mmopen/vi_32/aabbccddeeffgghhiijjkkllmmnnkhJ424U9iaKoT96HRdtFVTElujyD5dicict6apEZoU79FKeB13iabYIVhevicJBZbQ/219,0,,,,2/5/1977,1,0,8/11/2022 5:05,11/3/2023 3:05,1,1,NULL,NULL,NULL,NULL,NULL,NULL,NULL,NULL,NULL,NULL,NULL,NULL,NULL,NULL,NULL,NULL,NULL,NULL,NULL,NULL,NULL,NULL,LFV2B11K3A3******,NULL,NULL,0,1,0,,4/5/2023 13:24,420
3076,13812312345,ohJR12aabbccddeeffgghhiijjkk,o9ABCDefghijklmnopqrstuvwxyz,???,??,https://thirdwx.qlogo.cn/mmopen/vi_32/aabbccddeeffgghhiijjkkllmmnnkhJ424U9iaKoT96HRdtFVTElujyD5dicict6apEZoU79FKeB13iabYIVhevicJBZbQ/220,0,,,,2/4/1977,1,0,8/13/2022 8:45,10/10/2023 7:33,1,1,NULL,NULL,NULL,NULL,NULL,NULL,NULL,NULL,NULL,NULL,NULL,NULL,NULL,NULL,NULL,NULL,NULL,NULL,NULL,NULL,NULL,NULL,LFV2B11K3A3******,NULL,NULL,0,0,0,???,8/13/2022 8:45,14
3157,13812312345,ohJR12aabbccddeeffgghhiijjkk,o9ABCDefghijklmnopqrstuvwxyz,????,??,https://thirdwx.qlogo.cn/mmopen/vi_32/aabbccddeeffgghhiijjkkllmmnnkhJ424U9iaKoT96HRdtFVTElujyD5dicict6apEZoU79FKeB13iabYIVhevicJBZbQ/221,0,,,,2/3/1977,1,0,8/16/2022 2:21,9/21/2023 9:37,1,1,NULL,NULL,NULL,NULL,NULL,NULL,NULL,NULL,NULL,NULL,NULL,NULL,NULL,NULL,NULL,NULL,NULL,NULL,NULL,NULL,NULL,NULL,LFV2B11K3A3******,NULL,NULL,0,0,0,,4/27/2023 11:23,332
3157,13812312345,ohJR12aabbccddeeffgghhiijjkk,o9ABCDefghijklmnopqrstuvwxyz,#A001????,??,https://thirdwx.qlogo.cn/mmopen/vi_32/aabbccddeeffgghhiijjkkllmmnnkhJ424U9iaKoT96HRdtFVTElujyD5dicict6apEZoU79FKeB13iabYIVhevicJBZbQ/222,0,,,,2/2/1977,1,0,8/16/2022 2:21,9/21/2023 9:37,1,1,NULL,NULL,NULL,NULL,NULL,NULL,NULL,NULL,NULL,NULL,NULL,NULL,NULL,NULL,NULL,NULL,NULL,NULL,NULL,NULL,NULL,NULL,LFV2B11K3A3******,NULL,NULL,0,0,0,,4/27/2023 11:23,351
3157,13812312345,ohJR12aabbccddeeffgghhiijjkk,o9ABCDefghijklmnopqrstuvwxyz,???,??,https://thirdwx.qlogo.cn/mmopen/vi_32/aabbccddeeffgghhiijjkkllmmnnkhJ424U9iaKoT96HRdtFVTElujyD5dicict6apEZoU79FKeB13iabYIVhevicJBZbQ/223,0,,,,2/1/1977,1,0,8/16/2022 2:21,9/21/2023 9:37,1,1,NULL,NULL,NULL,NULL,NULL,NULL,NULL,NULL,NULL,NULL,NULL,NULL,NULL,NULL,NULL,NULL,NULL,NULL,NULL,NULL,NULL,NULL,LFV2B11K3A3******,NULL,NULL,0,0,0,,4/27/2023 11:23,408
3190,13812312345,ohJR12aabbccddeeffgghhiijjkk,o9ABCDefghijklmnopqrstuvwxyz,????,???,https://thirdwx.qlogo.cn/mmopen/vi_32/aabbccddeeffgghhiijjkkllmmnnkhJ424U9iaKoT96HRdtFVTElujyD5dicict6apEZoU79FKeB13iabYIVhevicJBZbQ/224,0,,,,1/31/1977,1,0,8/17/2022 6:56,12/16/2022 11:41,1,1,NULL,NULL,NULL,NULL,NULL,NULL,NULL,NULL,NULL,NULL,NULL,NULL,NULL,NULL,NULL,NULL,NULL,NULL,NULL,NULL,NULL,NULL,LFV2B11K3A3******,NULL,NULL,0,0,0,?????,12/16/2022 23:41,24
3254,13812312345,ohJR12aabbccddeeffgghhiijjkk,o9ABCDefghijklmnopqrstuvwxyz,#A001????,??,https://thirdwx.qlogo.cn/mmopen/vi_32/aabbccddeeffgghhiijjkkllmmnnkhJ424U9iaKoT96HRdtFVTElujyD5dicict6apEZoU79FKeB13iabYIVhevicJBZbQ/225,0,,,,1/30/1977,1,0,8/19/2022 4:35,8/19/2022 4:35,1,1,NULL,NULL,NULL,NULL,NULL,NULL,NULL,NULL,NULL,NULL,NULL,NULL,NULL,NULL,NULL,NULL,NULL,NULL,NULL,NULL,NULL,NULL,LFV2B11K3A3******,NULL,NULL,0,0,0,???,8/19/2022 4:35,14
3256,13812312345,ohJR12aabbccddeeffgghhiijjkk,o9ABCDefghijklmnopqrstuvwxyz,???,???,https://thirdwx.qlogo.cn/mmopen/vi_32/aabbccddeeffgghhiijjkkllmmnnkhJ424U9iaKoT96HRdtFVTElujyD5dicict6apEZoU79FKeB13iabYIVhevicJBZbQ/226,0,,,,1/29/1977,1,0,8/19/2022 4:55,11/16/2023 1:30,1,1,NULL,NULL,NULL,NULL,NULL,NULL,NULL,NULL,39,??,https://bdoprodsa01.blob.core.chinacloudapi.cn/bosch-mini/images/assets/car_brand/aodi.png,A8,2202,A8L,,?? A8L 2011 3.0TFSI ???? Quattro ??? 213kw CGW,3816,2011,3,????(??),CGW,?B*****,LFV2B11K3A3******,,1,0,0,0,?????,1/3/2023 21:56,26
3268,13812312345,ohJR12aabbccddeeffgghhiijjkk,o9ABCDefghijklmnopqrstuvwxyz,????,??,https://thirdwx.qlogo.cn/mmopen/vi_32/aabbccddeeffgghhiijjkkllmmnnkhJ424U9iaKoT96HRdtFVTElujyD5dicict6apEZoU79FKeB13iabYIVhevicJBZbQ/227,0,,,,1/28/1977,1,0,8/20/2022 6:27,10/1/2023 10:14,1,1,NULL,NULL,NULL,NULL,NULL,NULL,NULL,NULL,NULL,NULL,NULL,NULL,NULL,NULL,NULL,NULL,NULL,NULL,NULL,NULL,NULL,NULL,LFV2B11K3A3******,NULL,NULL,0,0,0,?????,10/1/2023 22:12,25
3276,13812312345,ohJR12aabbccddeeffgghhiijjkk,o9ABCDefghijklmnopqrstuvwxyz,#A001????,??,https://thirdwx.qlogo.cn/mmopen/vi_32/aabbccddeeffgghhiijjkkllmmnnkhJ424U9iaKoT96HRdtFVTElujyD5dicict6apEZoU79FKeB13iabYIVhevicJBZbQ/228,0,,,,1/27/1977,1,0,8/20/2022 10:24,4/5/2023 1:25,1,1,NULL,NULL,NULL,NULL,NULL,NULL,NULL,NULL,NULL,NULL,NULL,NULL,NULL,NULL,NULL,NULL,NULL,NULL,NULL,NULL,NULL,NULL,LFV2B11K3A3******,NULL,NULL,0,0,0,,4/5/2023 13:24,362
3276,13812312345,ohJR12aabbccddeeffgghhiijjkk,o9ABCDefghijklmnopqrstuvwxyz,???,???,https://thirdwx.qlogo.cn/mmopen/vi_32/aabbccddeeffgghhiijjkkllmmnnkhJ424U9iaKoT96HRdtFVTElujyD5dicict6apEZoU79FKeB13iabYIVhevicJBZbQ/229,0,,,,1/26/1977,1,0,8/20/2022 10:24,4/5/2023 1:25,1,1,NULL,NULL,NULL,NULL,NULL,NULL,NULL,NULL,NULL,NULL,NULL,NULL,NULL,NULL,NULL,NULL,NULL,NULL,NULL,NULL,NULL,NULL,LFV2B11K3A3******,NULL,NULL,0,0,0,,4/5/2023 13:24,395
3304,13812312345,ohJR12aabbccddeeffgghhiijjkk,o9ABCDefghijklmnopqrstuvwxyz,????,??,https://thirdwx.qlogo.cn/mmopen/vi_32/aabbccddeeffgghhiijjkkllmmnnkhJ424U9iaKoT96HRdtFVTElujyD5dicict6apEZoU79FKeB13iabYIVhevicJBZbQ/230,0,,,,1/25/1977,1,0,8/21/2022 3:42,9/20/2023 4:14,1,1,NULL,NULL,NULL,NULL,NULL,NULL,NULL,NULL,NULL,NULL,NULL,NULL,NULL,NULL,NULL,NULL,NULL,NULL,NULL,NULL,NULL,NULL,LFV2B11K3A3******,NULL,NULL,0,0,0,?????,12/8/2022 17:43,21
3334,13812312345,ohJR12aabbccddeeffgghhiijjkk,o9ABCDefghijklmnopqrstuvwxyz,#A001????,???,https://thirdwx.qlogo.cn/mmopen/vi_32/aabbccddeeffgghhiijjkkllmmnnkhJ424U9iaKoT96HRdtFVTElujyD5dicict6apEZoU79FKeB13iabYIVhevicJBZbQ/231,0,,,,1/24/1977,1,0,8/22/2022 2:00,10/26/2023 4:04,1,1,NULL,NULL,NULL,NULL,NULL,NULL,NULL,NULL,122,???,https://bdoprodsa01.blob.core.chinacloudapi.cn/bosch-mini/images/assets/car_brand/sikeda.png,??,1581,??,,??? ?? 2010 1.4TSI ??? ??? CFB,12297,2010,1.4,????,CFB,?B*****,LFV2B11K3A3******,,1,0,0,0,?????,8/22/2022 2:12,26
